,precision,recall,f1-score,support
Potato___Early_Blight,0.9946524064171123,1.0,0.9973190348525469,186.0
Potato___Healthy,0.9642857142857143,0.84375,0.9,32.0
Potato___Late_Blight,0.9768518518518519,0.9906103286384976,0.9836829836829837,213.0
accuracy,0.9837587006960556,0.9837587006960556,0.9837587006960556,0.9837587006960556
macro avg,0.9785966575182261,0.9447867762128325,0.9603340061785103,431.0
weighted avg,0.9836007770189564,0.9837587006960556,0.9833545615012744,431.0
